RK,TIERS,PLAYER NAME,TEAM,FAN PTS,PASSYDS,PASSTD,REC,RECYDS,RECTD,ATT,RUSHYDS,RUSHTD
1,1,Jonathan Taylor,IND,333.1,0,0,40,360,2,332,1811,18
2,1,Christian McCaffrey,CAR,90.5,0,0,37,343,1,99,442,1
3,1,Derrick Henry,TEN,175.3,0,0,18,154,0,219,937,10
4,1,Dalvin Cook,MIN,172.3,0,0,34,224,0,249,1159,6
5,1,Austin Ekeler,LAC,273.8,0,0,70,647,8,206,911,12
6,2,Joe Mixon,CIN,245.9,0,0,42,314,3,292,1205,13
7,2,Najee Harris,PIT,226.7,0,0,74,467,3,307,1200,7
8,2,Justin Jefferson,MIN,222.4,0,0,108,1616,10,6,14,0
9,2,Nick Chubb,CLE,195.3,0,0,20,174,1,228,1259,8
10,2,Cooper Kupp,LAR,294.5,0,0,145,1947,16,4,18,0
11,2,Ja'Marr Chase,CIN,223.6,0,0,81,1455,13,7,21,0
12,3,Mark Andrews,BAL,194.1,0,0,107,1361,9,1,0,0
13,3,Alvin Kamara,NO,187.7,0,0,47,439,5,240,898,4
14,3,Saquon Barkley,NYG,107.6,0,0,41,263,2,162,593,2
15,3,D'Andre Swift,DET,146.9,0,0,62,452,2,151,617,5
16,3,Travis Kelce,KC,170.8,0,0,92,1125,9,2,3,1
17,3,Stefon Diggs,BUF,182.5,0,0,103,1225,10,0,0,0
18,3,Davante Adams,LV,221.3,0,0,123,1553,11,0,0,0
19,3,Deebo Samuel,SF,261.96,0,0,77,1405,6,59,365,8
20,3,Aaron Jones,GB,177,0,0,52,391,6,171,799,4
21,3,CeeDee Lamb,DAL,153.8,0,0,79,1102,6,9,76,0
22,3,Javonte Williams,DEN,161.9,0,0,43,316,3,203,903,4
23,3,Leonard Fournette,TB,186.6,0,0,69,454,2,180,812,8
24,4,Mike Evans,TB,188.5,0,0,74,1035,14,1,10,0
25,4,Tyreek Hill,MIA,185.5,0,0,111,1239,9,9,96,0
26,4,James Conner,ARI,220.7,0,0,37,375,3,202,752,15
27,4,A.J. Brown,PHI,117.9,0,0,63,869,5,2,10,0
28,4,Kyle Pitts,ATL,108.6,0,0,68,1026,1,0,0,0
29,4,Tee Higgins,CIN,145.1,0,0,74,1091,6,0,0,0
30,4,Ezekiel Elliott,DAL,205.06,0,0,47,287,2,237,1002,10
31,4,Michael Pittman Jr.,IND,150.6,0,0,88,1082,6,5,44,0
32,4,Josh Allen,BUF,417.58,4407,36,0,0,0,122,763,6
33,4,Keenan Allen,LAC,151.8,0,0,106,1138,6,0,0,0
34,4,DJ Moore,CAR,144.5,0,0,93,1157,4,8,48,0
35,4,Mike Williams,LAC,170.6,0,0,76,1146,9,0,0,0
36,4,Courtland Sutton,DEN,92.24,0,0,58,776,2,0,0,0
37,5,Breece Hall,NYJ,0,0,0,0,0,0,0,0,0
38,5,Cam Akers,LAR,1.3,0,0,3,10,0,5,3,0
39,5,Terry McLaurin,WAS,136.5,0,0,77,1053,5,1,12,0
40,5,Justin Herbert,LAC,395.76,5014,38,0,0,0,63,302,3
41,5,David Montgomery,CHI,154,0,0,42,301,0,225,849,7
42,5,Elijah Mitchell,SF,146,0,0,19,137,1,207,963,5
43,5,Jaylen Waddle,MIA,141.8,0,0,104,1015,6,2,3,1
44,5,Travis Etienne Jr.,JAC,0,0,0,0,0,0,0,0,0
45,5,DK Metcalf,SEA,169.3,0,0,75,967,12,1,6,0
46,5,George Kittle,SF,127,0,0,71,910,6,3,20,0
47,5,J.K. Dobbins,BAL,0,0,0,0,0,0,0,0,0
48,5,Brandin Cooks,HOU,141.8,0,0,90,1037,6,2,21,0
49,5,Diontae Johnson,PIT,167.4,0,0,107,1161,8,5,53,0
50,5,Gabriel Davis,BUF,90.9,0,0,35,549,6,0,0,0
51,5,Darren Waller,LV,78.5,0,0,55,665,2,0,0,0
52,5,Patrick Mahomes II,KC,374.22,4828,37,0,0,0,66,381,2
53,5,Allen Robinson II,LAR,49,0,0,38,410,1,0,0,0
54,5,Lamar Jackson,BAL,252.98,2882,16,0,0,0,134,767,2
55,5,AJ Dillon,GB,151.6,0,0,34,313,2,187,803,5
56,6,Marquise Brown,ARI,135.3,0,0,91,1008,6,1,5,0
57,6,Josh Jacobs,LV,172,0,0,54,348,0,217,872,9
58,6,Jerry Jeudy,DEN,47,0,0,38,467,0,2,3,0
59,6,Darnell Mooney,CHI,138.7,0,0,81,1055,4,6,32,1
60,6,Kyler Murray,ARI,310.48,3787,24,0,0,0,88,423,5
61,6,Rashod Bateman,BAL,57.5,0,0,46,515,1,0,0,0
62,6,Dalton Schultz,DAL,130.8,0,0,78,808,8,0,0,0
63,6,Jalen Hurts,PHI,321.16,3144,16,0,0,0,139,784,10
64,6,Damien Harris,NE,192.1,0,0,18,132,0,202,929,15
65,6,Amari Cooper,CLE,134.5,0,0,68,865,8,0,0,0
66,6,Elijah Moore,NYJ,95.2,0,0,43,538,5,5,54,1
67,6,Chris Godwin,TB,144.4,0,0,98,1103,5,4,21,1
68,6,Michael Thomas,NO,0,0,0,0,0,0,0,0,0
69,6,JuJu Smith-Schuster,KC,19.8,0,0,15,129,0,3,9,1
70,6,Amon-Ra St. Brown,DET,137.3,0,0,90,912,5,7,61,1
71,6,Miles Sanders,PHI,91.2,0,0,26,158,0,137,754,0
72,7,Dallas Goedert,PHI,109,0,0,56,830,4,0,0,0
73,7,Rashaad Penny,SEA,115.7,0,0,6,48,0,119,749,6
74,7,Clyde Edwards-Helaire,KC,97.5,0,0,19,118,2,119,517,4
75,7,Joe Burrow,CIN,328.24,4611,34,0,0,0,40,118,2
76,7,Antonio Gibson,WAS,187.1,0,0,42,294,3,258,1037,7
77,7,Adam Thielen,MIN,132.8,0,0,67,726,10,1,2,0
78,7,Brandon Aiyuk,SF,114.3,0,0,56,826,5,5,17,0
79,7,T.J. Hockenson,DET,84.3,0,0,61,583,4,0,0,0
80,7,Chase Edmonds,MIA,100.3,0,0,43,311,0,116,592,2
81,7,DeVonta Smith,PHI,121.6,0,0,64,916,5,0,0,0
82,7,Allen Lazard,GB,102.5,0,0,40,513,8,3,32,0
83,7,Tom Brady,TB,386.74,5316,43,0,0,0,28,81,2
84,7,Russell Wilson,DEN,248.82,3113,25,0,0,0,43,183,2
85,7,Rhamondre Stevenson,NE,100.9,0,0,14,123,0,133,606,5
86,7,Kareem Hunt,CLE,88,0,0,22,174,0,78,386,5
87,7,Tony Pollard,DAL,123.6,0,0,39,337,0,130,719,2
88,7,Tyler Lockett,SEA,168.4,0,0,73,1175,8,2,9,0
89,7,Dak Prescott,DAL,330.56,4449,37,0,0,0,48,146,1
90,7,Drake London,ATL,0,0,0,0,0,0,0,0,0
91,7,Devin Singletary,BUF,157.8,0,0,40,228,1,188,870,7
92,7,Dawson Knox,BUF,115.1,0,0,49,587,9,0,4,0
93,7,Trey Lance,SF,66.92,603,5,0,0,0,38,168,1
94,7,Melvin Gordon III,DEN,167.2,0,0,28,213,2,203,918,8
95,7,Christian Kirk,JAC,130.62,0,0,77,982,5,1,11,0
96,7,DeAndre Hopkins,ARI,105.2,0,0,42,572,8,0,0,0
97,7,Dameon Pierce,HOU,0,0,0,0,0,0,0,0,0
98,7,Cordarrelle Patterson,ATL,182.6,0,0,52,548,5,153,618,6
99,7,Zach Ertz,ARI,106.7,0,0,74,763,5,1,4,0
100,7,Hunter Renfrow,LV,156.1,0,0,103,1038,9,3,3,0
101,7,Ken Walker III,SEA,0,0,0,0,0,0,0,0,0
102,7,Robert Woods,TEN,92.2,0,0,45,556,4,8,46,1
103,7,Matthew Stafford,LAR,346.74,4886,41,0,0,0,32,43,0
104,8,Aaron Rodgers,GB,336.3,4115,37,0,0,0,33,101,3
105,8,Kadarius Toney,NYG,43.36,0,0,39,420,0,3,6,0
106,8,Kirk Cousins,MIN,307.34,4221,33,0,0,0,29,115,1
107,8,Derek Carr,LV,270.96,4804,23,0,0,0,40,108,0
108,8,Chris Olave,NO,0,0,0,0,0,0,0,0,0
109,8,Treylon Burks,TEN,0,0,0,0,0,0,0,0,0
110,8,Chase Claypool,PIT,107.6,0,0,59,860,2,14,96,0
111,8,James Cook,BUF,0,0,0,0,0,0,0,0,0
112,8,Pat Freiermuth,PIT,91.7,0,0,60,497,7,0,0,0
113,8,Hunter Henry,NE,114.3,0,0,50,603,9,0,0,0
114,8,Cole Kmet,CHI,61.2,0,0,60,612,0,1,0,0
115,8,Darrell Henderson Jr.,LAR,134.4,0,0,29,176,3,149,688,5
116,8,Michael Carter,NYJ,118.4,0,0,36,325,0,147,639,4
117,8,James Robinson,JAC,142.9,0,0,31,222,0,164,767,8
118,8,Tua Tagovailoa,MIA,190.92,2653,16,0,0,0,42,128,3
119,8,Garrett Wilson,NYJ,0,0,0,0,0,0,0,0,0
120,8,Justin Fields,CHI,136.8,1870,7,0,0,0,72,420,2
121,8,Skyy Moore,KC,0,0,0,0,0,0,0,0,0
122,8,Trevor Lawrence,JAC,216.04,3641,12,0,0,0,73,334,2
123,8,Alexander Mattison,MIN,93.9,0,0,32,228,1,134,491,3
124,8,Tyler Boyd,CIN,116.84,0,0,67,828,5,2,22,0
125,8,Marquez Valdes-Scantling,KC,61,0,0,26,430,3,0,0,0
126,8,Mike Gesicki,MIA,92,0,0,73,780,2,0,0,0
127,9,Kenneth Gainwell,PHI,90.4,0,0,33,253,1,68,291,5
128,9,Russell Gage,TB,97,0,0,66,770,4,0,0,0
129,9,Irv Smith Jr.,MIN,0,0,0,0,0,0,0,0,0
130,9,David Njoku,CLE,71.6,0,0,36,475,4,1,1,0
131,9,Jameis Winston,NO,120.4,1170,14,0,0,0,32,166,1
132,9,Brian Robinson Jr.,WAS,0,0,0,0,0,0,0,0,0
133,9,Jamaal Williams,DET,93.8,0,0,26,157,0,153,601,3
134,9,Albert Okwuegbunam,DEN,43,0,0,33,330,2,0,0,0
135,9,Jakobi Meyers,NE,103.3,0,0,83,866,2,1,9,0
136,9,Matt Ryan,IND,234.92,3968,20,0,0,0,40,82,1
137,9,Michael Gallup,DAL,56.5,0,0,35,445,2,0,0,0
138,9,Khalil Herbert,CHI,64.9,0,0,14,96,0,103,433,2
139,9,Nyheim Hines,IND,72.6,0,0,40,310,1,56,276,2
140,9,DeVante Parker,NE,63.5,0,0,40,515,2,0,0,0
141,9,Tyler Allgeier,ATL,0,0,0,0,0,0,0,0,0
142,9,Raheem Mostert,MIA,2,0,0,0,0,0,2,20,0
143,9,DJ Chark Jr.,DET,27.4,0,0,7,154,2,0,0,0
144,9,Noah Fant,SEA,91,0,0,68,670,4,0,0,0
145,9,George Pickens,PIT,0,0,0,0,0,0,0,0,0
146,9,Robert Tonyan,GB,32.4,0,0,18,204,2,0,0,0
147,9,Kenny Golladay,NYG,52.1,0,0,37,521,0,0,0,0
148,9,Gerald Everett,LAC,69.8,0,0,48,478,4,3,20,0
149,9,Tyler Higbee,LAR,86,0,0,61,560,5,0,0,0
150,9,Isaiah Spiller,LAC,0,0,0,0,0,0,0,0,0
151,9,Ryan Tannehill,TEN,282.36,3734,21,0,0,0,55,270,7
152,9,Jarvis Landry,NO,81,0,0,52,570,2,6,40,2
153,9,Rondale Moore,ARI,55.1,0,0,54,435,1,18,76,0
154,9,Rachaad White,TB,0,0,0,0,0,0,0,0,0
155,9,Buffalo Bills,BUF,151,0,0,0,0,0,0,0,0
156,9,Julio Jones,TB,49.4,0,0,31,434,1,0,0,0
157,9,Tampa Bay Buccaneers,TB,141,0,0,0,0,0,0,0,0
158,9,Mac Jones,NE,237.94,3801,22,0,0,0,44,129,0
159,9,Daniel Jones,NYG,173.52,2428,10,0,0,0,62,298,2
160,9,Jahan Dotson,WAS,0,0,0,0,0,0,0,0,0
161,9,Evan Engram,JAC,56.5,0,0,46,408,3,1,-3,0
162,9,Austin Hooper,TEN,54.5,0,0,38,345,3,0,0,0
163,9,J.D. McKissic,WAS,84.9,0,0,43,397,2,48,212,2
164,9,Nico Collins,HOU,50.6,0,0,33,446,1,0,0,0
165,10,San Francisco 49ers,SF,118,0,0,0,0,0,0,0,0
166,10,Zamir White,LV,0,0,0,0,0,0,0,0,0
167,10,Corey Davis,NYJ,71.2,0,0,34,492,4,0,0,0
168,10,Mark Ingram II,NO,81.6,0,0,27,162,0,160,554,2
169,10,Marlon Mack,HOU,10.9,0,0,2,8,0,28,101,0
170,10,Gus Edwards,BAL,0,0,0,0,0,0,0,0,0
171,10,Carson Wentz,WAS,265.02,3563,27,0,0,0,57,215,1
172,10,Indianapolis Colts,IND,138,0,0,0,0,0,0,0,0
173,10,Jared Goff,DET,202.5,3245,19,0,0,0,17,87,0
174,10,Zach Wilson,NYJ,162.86,2334,9,0,0,0,29,185,4
175,10,Justin Tucker,BAL,162,0,0,0,0,0,0,0,0
176,10,Sony Michel,MIA,125.3,0,0,21,128,1,208,845,4
177,10,Logan Thomas,WAS,35.6,0,0,18,196,3,0,0,0
178,10,Mecole Hardman,KC,81.9,0,0,59,693,2,8,46,0
179,10,Joshua Palmer,LAC,59.9,0,0,33,353,4,1,6,0
180,10,New Orleans Saints,NO,145,0,0,0,0,0,0,0,0
181,10,Denver Broncos,DEN,119,0,0,0,0,0,0,0,0
182,10,K.J. Osborn,MIN,108.5,0,0,50,655,7,1,10,0
183,10,D'Onta Foreman,CAR,84.9,0,0,9,123,0,133,566,3
184,10,Robbie Anderson,CAR,85.5,0,0,53,519,5,3,36,0
185,10,New England Patriots,NE,158,0,0,0,0,0,0,0,0
186,10,Van Jefferson,LAR,118.2,0,0,50,802,6,2,20,0
187,10,Los Angeles Rams,LAR,121,0,0,0,0,0,0,0,0
188,10,Hayden Hurst,CIN,38.1,0,0,26,221,3,0,0,0
189,10,Jameson Williams,DET,0,0,0,0,0,0,0,0,0
190,10,Tyler Bass,BUF,143,0,0,0,0,0,0,0,0
191,10,Davis Mills,HOU,166.96,2664,16,0,0,0,18,44,0
192,10,Darrel Williams,ARI,149,0,0,47,452,2,144,558,6
193,10,Jalen Tolbert,DAL,0,0,0,0,0,0,0,0,0
194,10,Christian Watson,GB,0,0,0,0,0,0,0,0,0
195,10,Baker Mayfield,CAR,193.9,3010,17,0,0,0,37,134,1
196,10,Matt Gay,LAR,159,0,0,0,0,0,0,0,0
197,10,Ronald Jones II,KC,69.2,0,0,10,64,0,101,428,4
198,10,Marvin Jones Jr.,JAC,107.2,0,0,73,832,4,0,0,0
199,10,Isiah Pacheco,KC,0,0,0,0,0,0,0,0,0
200,10,Dallas Cowboys,DAL,185,0,0,0,0,0,0,0,0
201,10,Los Angeles Chargers,LAC,78,0,0,0,0,0,0,0,0
202,10,Evan McPherson,CIN,154,0,0,0,0,0,0,0,0
203,10,Daniel Carlson,LV,174,0,0,0,0,0,0,0,0
204,10,KJ Hamler,DEN,7.4,0,0,5,74,0,0,0,0
205,11,Donovan Peoples-Jones,CLE,75.7,0,0,34,597,3,0,0,0
206,11,Boston Scott,PHI,85.6,0,0,13,83,0,87,373,7
207,11,Miami Dolphins,MIA,155,0,0,0,0,0,0,0,0
208,11,Green Bay Packers,GB,117,0,0,0,0,0,0,0,0
209,11,Alec Pierce,IND,0,0,0,0,0,0,0,0,0
210,11,Wan'Dale Robinson,NYG,0,0,0,0,0,0,0,0,0
211,11,Curtis Samuel,WAS,3.8,0,0,6,27,0,4,11,0
212,11,Parris Campbell,IND,22.2,0,0,10,162,1,0,0,0
213,11,Brevin Jordan,HOU,35.8,0,0,20,178,3,0,0,0
214,11,Kansas City Chiefs,KC,131,0,0,0,0,0,0,0,0
215,11,Isaiah McKenzie,BUF,32.5,0,0,20,178,1,9,47,1
216,11,Harrison Butker,KC,140,0,0,0,0,0,0,0,0
217,11,Kendrick Bourne,NE,125.5,0,0,55,800,5,12,125,0
218,11,Ryan Succop,TB,138,0,0,0,0,0,0,0,0
219,11,Marcus Mariota,ATL,14.86,4,0,0,0,0,13,87,1
220,11,Tyrion Davis-Price,SF,0,0,0,0,0,0,0,0,0
221,11,Jamison Crowder,BUF,58.7,0,0,51,447,2,0,0,0
222,11,Matt Prater,ARI,154,0,0,0,0,0,0,0,0
223,11,Cleveland Browns,CLE,104,0,0,0,0,0,0,0,0
224,11,Baltimore Ravens,BAL,85,0,0,0,0,0,0,0,0
225,11,Romeo Doubs,GB,0,0,0,0,0,0,0,0,0
226,11,A.J. Green,ARI,102.8,0,0,54,848,3,0,0,0
227,11,Pittsburgh Steelers,PIT,111,0,0,0,0,0,0,0,0
228,11,Mo Alie-Cox,IND,55.6,0,0,24,316,4,0,0,0
229,11,Philadelphia Eagles,PHI,111,0,0,0,0,0,0,0,0
230,11,Jason Sanders,MIA,115,0,0,0,0,0,0,0,0
231,11,Chuba Hubbard,CAR,112.6,0,0,25,174,1,172,612,5
232,11,Samaje Perine,CIN,56.2,0,0,27,196,1,55,246,1
233,11,Jonnu Smith,NE,39.4,0,0,28,294,1,9,40,0
234,11,Rodrigo Blankenship,IND,45,0,0,0,0,0,0,0,0
235,11,D'Ernest Johnson,CLE,85.1,0,0,19,137,0,100,534,3
236,11,Younghoe Koo,ATL,125,0,0,0,0,0,0,0,0
237,11,David Bell,CLE,0,0,0,0,0,0,0,0,0
238,11,Brandon McManus,DEN,129,0,0,0,0,0,0,0,0
239,11,Trey Sermon,SF,25.3,0,0,3,26,0,41,167,1
240,11,Deshaun Watson,CLE,0,0,0,0,0,0,0,0,0
241,11,Sterling Shepard,NYG,41.7,0,0,36,366,1,1,-9,0
242,11,Damien Williams,ATL,44.7,0,0,16,103,1,40,164,2
243,11,Jeff Wilson Jr.,SF,44.5,0,0,7,31,0,79,294,2
244,11,Zack Moss,BUF,82.2,0,0,23,197,1,96,345,4
245,11,Arizona Cardinals,ARI,126,0,0,0,0,0,0,0,0
246,11,Laviska Shenault Jr.,JAC,64,0,0,63,619,0,11,41,0
247,11,Nick Folk,NE,171,0,0,0,0,0,0,0,0
248,11,Robbie Gould,SF,112,0,0,0,0,0,0,0,0
249,11,Zay Jones,JAC,58.9,0,0,47,546,1,2,3,0
250,11,Mitch Trubisky,PIT,9.12,43,0,0,0,0,13,24,1
251,11,Cincinnati Bengals,CIN,108,0,0,0,0,0,0,0,0
252,11,Tennessee Titans,TEN,123,0,0,0,0,0,0,0,0
253,11,Jerick McKinnon,KC,22.9,0,0,13,107,1,12,62,0
254,11,Adam Trautman,NO,36.3,0,0,27,263,2,0,0,0
255,11,Jake Elliott,PHI,150,0,0,0,0,0,0,0,0
256,11,Terrace Marshall Jr.,CAR,15.8,0,0,17,138,0,0,0,0
257,12,Byron Pringle,CHI,84.8,0,0,42,568,5,0,0,0
258,12,Sammy Watkins,GB,43.4,0,0,27,394,1,0,0,0
259,12,Mike Davis,BAL,94.2,0,0,44,259,1,138,503,3
260,12,Dustin Hopkins,LAC,147,0,0,0,0,0,0,0,0
261,12,Randall Cobb,GB,65.6,0,0,28,375,5,1,1,0
262,12,Bryan Edwards,ATL,75.1,0,0,34,571,3,1,0,0
263,12,Rex Burkhead,HOU,79.3,0,0,25,186,0,122,427,3
264,12,Carolina Panthers,CAR,89,0,0,0,0,0,0,0,0
265,12,Cameron Brate,TB,48.5,0,0,30,245,4,0,0,0
266,12,Wil Lutz,NO,0,0,0,0,0,0,0,0,0
267,12,Minnesota Vikings,MIN,124,0,0,0,0,0,0,0,0
268,12,Eno Benjamin,ARI,22,0,0,6,42,0,34,118,1
269,12,Greg Zuerlein,NYJ,140,0,0,0,0,0,0,0,0
270,12,Braxton Berrios,NYJ,75.1,0,0,46,431,2,7,40,2
271,12,Chris Boswell,PIT,162,0,0,0,0,0,0,0,0
272,12,Dan Arnold,JAC,40.8,0,0,35,408,0,0,0,0
273,12,Mason Crosby,GB,134,0,0,0,0,0,0,0,0
274,12,C.J. Uzomah,NYJ,79.3,0,0,49,493,5,0,0,0
275,12,Matt Breida,NYG,35.7,0,0,7,72,2,26,125,1
276,12,Nelson Agholor,NE,66.4,0,0,37,473,3,3,11,0
277,12,Cedrick Wilson Jr.,MIA,102.82,0,0,45,602,6,2,11,0
278,12,Marquez Callaway,NO,105.8,0,0,46,698,6,0,0,0
279,12,Kenyan Drake,FA,72.5,0,0,30,291,1,63,254,2
280,12,Hassan Haskins,TEN,0,0,0,0,0,0,0,0,0
281,12,William Fuller V,FA,4.6,0,0,4,26,0,0,0,0
282,12,Chicago Bears,CHI,105,0,0,0,0,0,0,0,0
283,12,Washington Commanders,WAS,92,0,0,0,0,0,0,0,0
284,12,Myles Gaskin,MIA,124.6,0,0,49,234,4,173,612,3
285,12,Greg Joseph,MIN,156,0,0,0,0,0,0,0,0
286,12,Odell Beckham Jr.,FA,85.1,0,0,44,537,5,2,14,0
287,12,Graham Gano,NYG,123,0,0,0,0,0,0,0,0
288,12,Ke'Shawn Vaughn,TB,32.6,0,0,4,26,0,36,180,2
289,12,Jason Myers,SEA,104,0,0,0,0,0,0,0,0
290,12,Trey McBride,ARI,0,0,0,0,0,0,0,0,0
291,12,O.J. Howard,BUF,19.5,0,0,14,135,1,0,0,0
292,12,Phillip Lindsay,IND,41.4,0,0,4,45,1,88,249,1
293,12,Joshua Kelley,LAC,12,0,0,5,38,0,33,102,0
294,12,New York Giants,NYG,86,0,0,0,0,0,0,0,0
295,12,Kenny Pickett,PIT,0,0,0,0,0,0,0,0,0
296,12,Drew Lock,SEA,52.88,787,2,0,0,0,10,53,2
297,12,Seattle Seahawks,SEA,95,0,0,0,0,0,0,0,0
298,12,Randy Bullock,TEN,130,0,0,0,0,0,0,0,0
299,12,Cairo Santos,CHI,116,0,0,0,0,0,0,0,0
300,12,New York Jets,NYJ,58,0,0,0,0,0,0,0,0
301,12,Josh Reynolds,DET,51.6,0,0,29,396,2,0,0,0
302,12,Chris Evans,CIN,34.8,0,0,15,151,2,17,77,0
303,12,Kyle Rudolph,TB,33.7,0,0,26,257,1,0,0,0
304,12,Ka'imi Fairbairn,HOU,68,0,0,0,0,0,0,0,0
305,12,Quez Watkins,PHI,73,0,0,43,647,1,1,3,0
306,12,Jacoby Brissett,CLE,76.32,1283,5,0,0,0,19,70,1
307,13,Tre'Quan Smith,NO,55.7,0,0,32,377,3,0,0,0
308,13,Jimmy Garoppolo,SF,239.5,3810,20,0,0,0,38,51,3
309,13,Darius Slayton,NYG,42.6,0,0,26,339,2,1,-13,0
310,13,Jacksonville Jaguars,JAC,64,0,0,0,0,0,0,0,0
311,13,Velus Jones Jr.,CHI,0,0,0,0,0,0,0,0,0
312,13,Greg Dulcich,DEN,0,0,0,0,0,0,0,0,0
313,13,Kyren Williams,LAR,0,0,0,0,0,0,0,0,0
314,13,Daniel Bellinger,NYG,0,0,0,0,0,0,0,0,0
315,13,Nick Westbrook-Ikhine,TEN,69.6,0,0,38,476,4,0,0,0
316,13,Dyami Brown,WAS,16.1,0,0,12,165,0,1,-4,0
317,13,Pierre Strong Jr.,NE,0,0,0,0,0,0,0,0,0
318,13,Devin Duvernay,BAL,44.2,0,0,33,272,2,7,50,0
319,13,Geno Smith,SEA,55.28,702,5,0,0,0,9,42,1
320,13,Tyler Conklin,NYJ,77.3,0,0,61,593,3,0,0,0
321,13,Justin Jackson,DET,64.2,0,0,22,178,0,68,364,2
322,13,Tyler Badie,BAL,0,0,0,0,0,0,0,0,0
323,13,Jalen Reagor,PHI,45.1,0,0,33,299,2,10,32,0
324,13,Harrison Bryant,CLE,41.3,0,0,21,233,3,0,0,0
325,13,Dontrell Hilliard,TEN,53.7,0,0,19,87,0,56,350,2
326,13,Quintez Cephus,DET,34.4,0,0,15,204,2,0,0,0
327,13,Ty Johnson,NYJ,83,0,0,34,372,2,61,238,2
328,13,Giovani Bernard,TB,36.1,0,0,23,123,3,8,58,0
329,13,Emmanuel Sanders,FA,89.7,0,0,42,626,4,2,31,0
330,13,Darrynton Evans,CHI,1.8,0,0,2,11,0,2,7,0
331,13,Ameer Abdullah,LV,51.5,0,0,38,289,1,51,166,0
332,13,Tevin Coleman,NYJ,40.5,0,0,11,49,0,84,356,0
333,13,Salvon Ahmed,MIA,26.6,0,0,12,117,0,54,149,0
334,13,Duke Johnson Jr.,BUF,55.1,0,0,4,41,0,71,330,3
335,13,Kyle Philips,TEN,0,0,0,0,0,0,0,0,0
336,13,Tommy Tremble,CAR,33.1,0,0,20,180,1,3,11,1
337,13,Chase McLaughlin,FA,93,0,0,0,0,0,0,0,0
338,13,Isaiah Likely,BAL,0,0,0,0,0,0,0,0,0
339,13,Donald Parham Jr.,LAC,39,0,0,20,190,3,0,0,0
340,13,Snoop Conner,JAC,0,0,0,0,0,0,0,0,0
341,13,Josh Lambo,FA,5,0,0,0,0,0,0,0,0
342,13,Desmond Ridder,ATL,0,0,0,0,0,0,0,0,0
343,13,Sam Darnold,CAR,170.28,2527,9,0,0,0,48,222,5
344,13,James Proche II,BAL,20.2,0,0,16,202,0,0,0,0
345,13,Jaylen Warren,PIT,0,0,0,0,0,0,0,0,0
346,13,Jerome Ford,CLE,0,0,0,0,0,0,0,0,0
347,13,Las Vegas Raiders,LV,65,0,0,0,0,0,0,0,0
348,13,Jalen Guyton,LAC,66.2,0,0,31,448,3,7,34,0
349,13,Cole Beasley,FA,77.3,0,0,82,693,1,0,0,0
350,13,Jaret Patterson,WAS,45.9,0,0,10,73,0,68,266,2
351,13,Jelani Woods,IND,0,0,0,0,0,0,0,0,0
352,13,Foster Moreau,LV,55.3,0,0,30,373,3,0,0,0
353,13,Jared Cook,FA,84.4,0,0,48,564,4,0,0,0
354,13,Tyquan Thornton,NE,0,0,0,0,0,0,0,0,0
355,13,Anthony Firkser,ATL,39.1,0,0,34,291,2,0,0,0
356,13,Danny Gray,SF,0,0,0,0,0,0,0,0,0
357,13,Ty Montgomery,NE,13.9,0,0,16,95,0,15,44,0
358,13,Cade York,CLE,0,0,0,0,0,0,0,0,0
359,14,Olamide Zaccheaus,ATL,58.8,0,0,31,406,3,1,2,0
360,14,Brett Maher,DAL,62,0,0,0,0,0,0,0,0
361,14,Detroit Lions,DET,58,0,0,0,0,0,0,0,0
362,14,Cade Otton,TB,0,0,0,0,0,0,0,0,0
363,14,T.Y. Hilton,FA,51.1,0,0,23,331,3,0,0,0
364,14,Khalil Shakir,BUF,0,0,0,0,0,0,0,0,0
365,14,James Washington,DAL,41.8,0,0,24,285,2,2,13,0
366,14,Atlanta Falcons,ATL,65,0,0,0,0,0,0,0,0
367,14,Malcolm Brown,FA,19.5,0,0,3,10,0,33,125,1
368,14,David Johnson,FA,49.3,0,0,32,225,1,67,228,0
369,14,Amari Rodgers,GB,5.6,0,0,4,45,0,1,11,0
370,14,John Metchie III,HOU,0,0,0,0,0,0,0,0,0
371,14,John Bates,WAS,30.9,0,0,20,249,1,0,0,0
372,14,Kene Nwangwu,MIN,19,0,0,4,9,0,13,61,0
373,14,Devontae Booker,FA,104.1,0,0,40,268,1,145,593,2
374,14,Keaontay Ingram,ARI,0,0,0,0,0,0,0,0,0
375,14,Demarcus Robinson,BAL,44.4,0,0,25,264,3,0,0,0
376,14,Rashard Higgins,CAR,33.5,0,0,24,275,1,0,0,0
377,14,Taysom Hill,NO,122.72,0,0,4,52,0,70,374,5
378,14,Latavius Murray,FA,93.6,0,0,10,75,0,119,501,6
379,14,Jauan Jennings,SF,58.2,0,0,24,282,5,0,0,0
380,14,Kylen Granson,IND,10.6,0,0,11,106,0,0,0,0
381,14,Devonta Freeman,FA,112.6,0,0,34,190,1,133,576,5
382,14,Josiah Deguara,GB,36.5,0,0,25,245,2,0,0,0
383,14,Malik Willis,TEN,0,0,0,0,0,0,0,0,0
384,14,DeeJay Dallas,SEA,39.1,0,0,21,133,0,33,138,2
385,14,Anthony Schwartz,CLE,23.4,0,0,10,135,1,6,39,0
386,14,Calvin Austin III,PIT,0,0,0,0,0,0,0,0,0
387,14,Houston Texans,HOU,87,0,0,0,0,0,0,0,0
388,14,Joey Slye,WAS,100,0,0,0,0,0,0,0,0
389,14,Benny Snell Jr.,PIT,11.1,0,0,2,13,0,36,98,0
390,14,Laquon Treadwell,JAC,49.4,0,0,33,434,1,0,0,0
391,14,Chris Conley,HOU,42.6,0,0,22,323,2,1,3,0
392,14,Austin Seibert,DET,42,0,0,0,0,0,0,0,0
393,14,Noah Brown,DAL,18.4,0,0,16,184,0,0,0,0
394,14,Dee Eskridge,SEA,18.3,0,0,10,64,1,4,59,0
395,14,Deonte Harty,NO,77.1,0,0,36,570,3,5,41,0
396,14,Wayne Gallman Jr.,FA,12.5,0,0,1,21,0,28,104,0
397,14,Teddy Bridgewater,MIA,209.68,3052,18,0,0,0,30,106,2
398,14,Zane Gonzalez,CAR,98,0,0,0,0,0,0,0,0
399,14,Equanimeous St. Brown,CHI,11.2,0,0,9,98,0,3,14,0
400,14,Travis Homer,SEA,45.8,0,0,16,161,0,21,177,1
401,14,Ashton Dulin,IND,32.5,0,0,13,173,2,3,32,0
402,14,Trestan Ebner,CHI,0,0,0,0,0,0,0,0,0
403,14,Tyler Johnson,TB,36,0,0,36,360,0,0,0,0
404,14,Brandon Bolden,LV,83.1,0,0,41,405,2,44,226,1
405,14,Tristan Vizcaino,NE,29,0,0,0,0,0,0,0,0
406,14,Jonathan Garibay,FA,0,0,0,0,0,0,0,0,0
407,14,Juwan Johnson,NO,39.9,0,0,13,159,4,0,0,0
408,14,Pharaoh Brown,HOU,15.1,0,0,23,171,0,0,0,0
409,14,Tony Jones Jr.,NO,17.1,0,0,5,29,0,54,142,0
410,14,Zach Pascal,PHI,56.5,0,0,38,384,3,2,21,0
411,14,Tutu Atwell,LAR,0,0,0,0,0,0,0,0,0
412,14,Derrick Gore,FA,48.1,0,0,8,105,0,51,256,2
413,14,Abram Smith,NO,0,0,0,0,0,0,0,0,0
414,14,Craig Reynolds,DET,28.2,0,0,7,52,0,55,230,0
415,14,Anthony McFarland Jr.,PIT,1.4,0,0,1,11,0,3,3,0
416,14,Joe Flacco,NYJ,23.82,338,3,0,0,0,2,3,0
417,14,Geoff Swaim,TEN,39,0,0,31,210,3,0,0,0
418,14,Antonio Brown,FA,79.1,0,0,42,545,4,1,6,0
419,15,Keelan Cole Sr.,LV,50.9,0,0,28,449,1,0,0,0
420,15,Justin Watson,KC,0,0,0,0,0,0,0,0,0
421,15,Mack Hollins,LV,46.3,0,0,14,223,4,0,0,0
422,15,Riley Patterson,DET,59,0,0,0,0,0,0,0,0
423,15,Ty Chandler,MIN,0,0,0,0,0,0,0,0,0
424,15,Justice Hill,BAL,0,0,0,0,0,0,0,0,0
425,15,Will Dissly,SEA,29.1,0,0,21,231,1,0,0,0
426,15,Tylan Wallace,BAL,2.3,0,0,2,23,0,0,0,0
427,15,Freddie Swain,SEA,61.5,0,0,25,343,4,5,32,0
428,15,Blake Jarwin,FA,21.6,0,0,11,96,2,0,0,0
429,15,N'Keal Harry,CHI,16.4,0,0,12,184,0,0,0,0
430,15,Eric Ebron,FA,20.5,0,0,12,84,1,1,1,1
431,15,Tyrod Taylor,NYG,86.74,966,5,0,0,0,19,151,3
432,15,Mike Boone,DEN,5.7,0,0,2,22,0,4,35,0
433,15,Tyler Huntley,BAL,86.64,1081,3,0,0,0,47,294,2
434,15,Jamal Agnew,JAC,52,0,0,24,229,1,7,111,1
435,15,Kalif Raymond,DET,84.4,0,0,48,576,4,4,28,0
436,15,Sam Howell,WAS,0,0,0,0,0,0,0,0,0
437,15,Jeremy Ruckert,NYJ,0,0,0,0,0,0,0,0,0
438,15,Kyle Juszczyk,SF,43.8,0,0,30,296,1,8,22,1
439,15,Antoine Wesley,ARI,38.8,0,0,19,208,3,0,0,0
440,15,Auden Tate,FA,9.9,0,0,3,39,1,0,0,0
441,15,Demetric Felton Jr.,CLE,32.5,0,0,18,181,2,7,24,0
442,15,Tarik Cohen,FA,0,0,0,0,0,0,0,0,0
443,15,Jordan Mason,SF,0,0,0,0,0,0,0,0,0
444,15,Chigoziem Okonkwo,TEN,0,0,0,0,0,0,0,0,0
445,15,Carlos Hyde,FA,33.8,0,0,12,65,0,72,253,1
446,15,Jeremy McNichols,PIT,45.6,0,0,28,240,1,41,156,0
447,15,Tyrell Williams,FA,1.4,0,0,2,14,0,0,0,0
448,15,Jake Ferguson,DAL,0,0,0,0,0,0,0,0,0
449,15,Ihmir Smith-Marsette,MIN,23.6,0,0,5,116,2,0,0,0
450,15,Ryan Santoso,NYG,18,0,0,0,0,0,0,0,0
451,15,Quinn Nordin,FA,0,0,0,0,0,0,0,0,0
452,15,Chris Herndon IV,FA,10,0,0,4,40,1,0,0,0
453,15,Dare Ogunbowale,HOU,37.1,0,0,13,114,1,43,137,1
454,15,Ben Skowronek,LAR,13.3,0,0,11,133,0,0,0,0
455,15,Gardner Minshew II,PHI,34.66,439,4,0,0,0,9,21,0
456,15,Jalen Wydermyer,NE,0,0,0,0,0,0,0,0,0
457,15,Denzel Mims,NYJ,13.3,0,0,8,133,0,0,0,0
458,15,Le'Veon Bell,FA,33.1,0,0,5,30,1,39,101,2
459,15,Aldrick Rosas,FA,22,0,0,0,0,0,0,0,0
460,15,Jermar Jefferson,DET,21.7,0,0,4,23,0,15,74,2
461,15,DeSean Jackson,FA,55.8,0,0,20,454,2,1,4,0
462,15,Simi Fehoko,DAL,0,0,0,0,0,0,0,0,0
463,15,Gary Brightwell,NYG,1,0,0,1,6,0,1,4,0
464,15,Ryquell Armstead,JAC,9.6,0,0,3,16,0,15,80,0
465,15,Cyril Grayson Jr.,FA,34.6,0,0,10,212,2,1,14,0
466,15,Ian Thomas,CAR,18.8,0,0,18,188,0,0,0,0
467,15,Jordan Howard,FA,60.5,0,0,2,19,0,86,406,3
468,15,Durham Smythe,MIA,36,0,0,34,357,0,2,3,0
469,15,Kennedy Brooks,PHI,0,0,0,0,0,0,0,0,0
470,15,Jordan Akins,NYG,17.7,0,0,24,214,0,1,3,0
471,15,Royce Freeman,HOU,24.6,0,0,10,77,0,56,169,0
472,15,Sam Ficken,FA,0,0,0,0,0,0,0,0,0
473,15,Carlos Martinez,DAL,0,0,0,0,0,0,0,0,0
474,15,Jimmy Graham,FA,36.7,0,0,14,167,3,0,0,0
475,15,Justyn Ross,KC,0,0,0,0,0,0,0,0,0
476,15,Tyler Kroft,SF,23.3,0,0,16,173,1,0,0,0
477,15,James O'Shaughnessy,CHI,26.4,0,0,24,244,0,0,0,0
478,15,Ryan Griffin,CHI,38.1,0,0,27,261,2,0,0,0
479,15,Jashaun Corbin,NYG,0,0,0,0,0,0,0,0,0
480,15,Phillip Dorsett II,HOU,11,0,0,7,110,0,1,0,0
481,15,Blake Bell,KC,9.7,0,0,9,87,0,4,10,0
482,15,Cole Turner,WAS,0,0,0,0,0,0,0,0,0
483,15,Dennis Houston,DAL,0,0,0,0,0,0,0,0,0
484,15,Montrell Washington,DEN,0,0,0,0,0,0,0,0,0
485,15,Jacob Harris,LAR,0,0,0,0,0,0,0,0,0
486,15,DeAndre Carter,LAC,62.5,0,0,24,296,3,10,89,0
487,15,Jonathan Ward,ARI,6.7,0,0,3,34,0,9,33,0
488,15,Tajae Sharpe,CHI,23,0,0,25,230,0,0,0,0
489,15,Maxx Williams,ARI,25.3,0,0,16,193,1,0,0,0
490,15,James McCourt,JAC,0,0,0,0,0,0,0,0,0
491,15,Noah Gray,KC,9.6,0,0,7,36,1,0,0,0
492,15,Dez Fitzpatrick,TEN,10.9,0,0,5,49,1,0,0,0
493,15,Julius Chestnut,TEN,0,0,0,0,0,0,0,0,0
494,15,Rico Dowdle,DAL,0,0,0,0,0,0,0,0,0
495,15,Erik Ezukanma,MIA,0,0,0,0,0,0,0,0,0
496,15,Larry Rountree III,LAC,14.6,0,0,1,-1,0,36,87,1
497,15,Qadree Ollison,ATL,15.7,0,0,4,12,0,21,105,1
498,15,Tyler Goodson,GB,0,0,0,0,0,0,0,0,0
499,16,Dwayne Washington,NO,2.8,0,0,2,12,0,4,16,0
500,16,Chris Moore,HOU,34.7,0,0,21,227,2,0,0,0
501,16,Andy Dalton,NO,93.2,1515,8,0,0,0,16,76,0
502,16,Charlie Kolar,BAL,0,0,0,0,0,0,0,0,0
503,16,Nick Boyle,BAL,0.2,0,0,1,2,0,0,0,0
504,16,Tyler Davis,GB,3.5,0,0,4,35,0,0,0,0
505,16,Drew Sample,CIN,8.1,0,0,11,81,0,0,0,0
506,16,JaMycal Hasty,SF,26.5,0,0,23,157,0,16,68,1
507,16,Ray-Ray McCloud,SF,27.2,0,0,39,277,0,2,15,0
508,16,Mike White,NYJ,52.02,953,5,0,0,0,5,-1,0
509,16,Kevin Harris,NE,0,0,0,0,0,0,0,0,0
510,16,Jake Funk,LAR,0.5,0,0,0,0,0,2,5,0
511,16,Miles Boykin,PIT,0.6,0,0,1,6,0,0,0,0
512,16,Kylin Hill,GB,2.9,0,0,1,5,0,10,24,0
513,16,Taylor Heinicke,WAS,236.86,3419,20,0,0,0,60,313,1
514,16,Lance McCutcheon,LAR,0,0,0,0,0,0,0,0,0
515,16,Breshad Perriman,TB,22.4,0,0,11,167,1,1,-3,0
516,16,Josh Gordon,KC,9.2,0,0,5,32,1,0,0,0
517,16,Brycen Hopkins,LAR,0.9,0,0,1,9,0,0,0,0
518,16,Brandon Zylstra,CAR,31,0,0,18,250,1,0,0,0
519,16,Ross Dwelley,SF,11.1,0,0,4,51,1,0,0,0
520,16,Hunter Long,MIA,0.8,0,0,1,8,0,0,0,0
521,16,Sincere McCormick,LV,0,0,0,0,0,0,0,0,0
522,16,Zonovan Knight,NYJ,0,0,0,0,0,0,0,0,0
523,16,Nick Vannett,NO,19.3,0,0,9,133,1,0,0,0
524,16,Zach Gentry,PIT,16.7,0,0,19,167,0,0,0,0
525,16,Kyle Allen,HOU,7.9,120,1,0,0,0,2,11,0
526,16,Trent Sherfield,MIA,14.7,0,0,9,87,1,0,0,0
527,16,Johnny Mundt,MIN,0.9,0,0,1,9,0,0,0,0
528,16,Marcedes Lewis,GB,21.4,0,0,23,214,0,0,0,0
529,16,Jerrion Ealy,KC,0,0,0,0,0,0,0,0,0
530,16,Cam Sims,WAS,33.8,0,0,15,211,2,1,7,0
531,16,Marcus Johnson,SF,15.8,0,0,9,160,0,2,-2,0
532,16,J.J. Taylor,NE,14.5,0,0,4,8,0,19,37,2
533,16,Mike Thomas,CIN,5.2,0,0,5,52,0,0,0,0
534,16,Kendall Hinton,DEN,23.54,0,0,15,175,1,0,0,0
535,16,Bo Melton,SEA,0,0,0,0,0,0,0,0,0
536,16,Kendall Blanton,WAS,3.7,0,0,4,37,0,0,0,0
537,16,Alec Ingold,MIA,14.6,0,0,10,85,1,2,1,0
